X,Y,gid,Name,description,altitudeMode,tessellate
18.1440348792637,40.0630262678013,1,CENTRO STELLA PARABITA TERRISI,,,-1
18.0212435620758,40.0230715320497,2,Rip. Costa Brada Gallipoli,,,-1
18.0217740624844,40.0720323732155,3,Rip. Hotel Gallipoli Resort Gallipoli,,,-1
18.2678064035974,39.8823394264305,4,Rip. Pirelli Andrea Presicce,,,-1
17.8828181452403,40.2741613759278,5,Club Azzurro,,,-1
18.1896837808936,40.0652957878938,6,Rip. Z Ind Collepasso Tip. Deblasi,,,-1
18.0620836748157,39.9598896354797,7,RACALE LI SPECCHI,,,-1
18.1101162322473,39.8907502838099,8,ZIA FRANCA,,,-1
18.0098016435741,40.0733170177115,9,Campeggio La Masseria Gallipoli,,,-1
18.1563713437339,40.0196342275371,10,CENTRO STELLA CENTRALE,,,-1
18.1609462153619,40.026568436747,11,Chiesa Casarano Pietra Bianca,,,-1
18.1166953047305,39.9357612235386,12,ChiesaFellineSanLeucio,,,-1
18.1982320127324,39.9959034455162,13,Fracasso Cda Manfio,,,-1
18.1169571870522,40.357872510275,14,Villaggio Emmanuel Lecce,,,-1
18.1005659625567,40.3598630081132,15,Comunità Emmanuel Lecce,,,-1
18.0125878077358,40.0829510361685,16,Campeggio la Vecchia Torre Gallipoli,,,-1
18.3231702934596,40.0241074954977,17,re dei re,,,-1
18.151157186005,40.006822655791,18,Chiesa Casarano Cda Botte Casarano,,,-1
18.1619680610388,39.9278316686563,19,comune ugento,,,-1
18.0225993918291,39.9672438586927,20,Chiesa Mancaversa,,,-1
18.2136886756972,39.9573675362984,21,filippo,,,-1
18.3949168981953,40.1377120144844,22,Montevergine,,,-1
18.3435971907594,39.8110864348777,23,Postazione Mediasud,,,-1
18.2360833161016,39.9666843451639,24,Rip. Masseria Saietti Taurisano,,,-1
18.3614499988441,39.9613852727802,25,chiesa,,,-1
18.2195336501985,39.9575448081156,26,FILIPPO TAURISANO,,,-1
18.1136403680403,39.8892919211512,27,CHIESA SAN GIOVANNI,,,-1
18.1736670792542,40.0308854083107,28,Rip. Z Ind Casarano Filanto,,,-1
18.0715144781767,39.9149560946233,29,HOTEL JONICO,,,-1
18.1263437103857,39.9717778599961,30,Chiesa Immacolata Melissano,,,-1
18.1213963739784,39.9651699706061,31,Chiesa Redentore Melissano,,,-1
18.0794264044683,40.2621556581206,32,Grottella Copertino,,,-1
18.2014491873748,40.1255898849973,33,Chiesa Cutrofiano,,,-1
18.1618860732406,40.0721692069333,34,Chiesa Collepasso,,,-1
18.1659217403989,40.0194137002343,35,CENTRO STELLA SMISTAMENTO SALVEMINI,,,-1
18.1613492438639,40.011343701251,36,Rip. Capozza Casarano,,,-1
18.2300688541518,39.9333164258176,37,Rip. Cava Cappilli Taurisano traliccio,,,-1
18.1742377152205,40.0711239162247,38,Cantina Collepasso,,,-1
18.0182465873299,39.9750098448109,39,Oratorio Mancaversa,,,-1
18.0317734362898,39.9498733830739,40,Rip. Torre Torre Suda,,,-1
18.0311633389475,39.9576369297333,41,Chiesa Torre Suda,,,-1
18.0914325626417,39.9347731975624,42,Chiesa Madonna Dell'alto Alliste Felline,,,-1
18.0866601734537,39.9327814883516,43,Ponte intermedio per mancaversa da madonna dell'alto felline,,,-1
18.2395608982207,39.9794758576359,44,Rip. RuffanoMangiaMangia,,,-1
18.25640216606,40.202562810409,45,CONERGY ZOLLINO,,,-1
18.111338958588,40.0382815693873,46,Rip. Campo Baseball Matino,,,-1
18.1421748890317,40.2419867210764,47,Aeroporto 10 RMV Galatina,,,-1
18.2245806013115,40.2451498916068,48,Ristorante Le Mille e una Notte,,,-1
18.0306818371118,40.179854247193,49,Curia Nardò,,,-1
18.2008558090931,39.9404413778009,50,MasseriaGrandeTaurisano,,clampToSeaFloor,-1
18.1666027911586,40.1530872534579,51,Chiesa Noha,,,-1
18.2272840594535,40.2197960157936,52,Chiesa Sternatia,,,-1
18.0284735354316,40.0992800354752,53,Rip. Gallipoli Serra Traliccio,,,-1
18.2700051931325,39.8987347501793,54,Massimo Panese,,,-1
18.2330770174234,39.9500023128183,55,CavaCappilli-MasseriaSaietti Taurisano,,,1
18.2489381245712,39.9078308553814,56,CavaCappilli-PirelliPresicce,,,1
18.1944576569942,39.9715311504413,57,CentroStellaXXSetti-CavaCappilliTaurisano,,,1
18.1215794368979,39.9538166193517,58,ChiesaMellissano-ChiesaFelline,,,1
18.161144748087,40.0195243200874,59,CentraleCasarano-SmistamentoSalvemini,,,1
18.154980892448,40.0412241379998,60,SmistamentoSalvemini-CentroStellaParabita,,,1
18.1698007259134,40.0251637463047,61,SmistamentoSalvemini-RipZIndCasaranoFilanto,,,1
18.1816484906741,40.0480943522205,62,RipZIndCasaranoFilanto-RipZIndCollepassoDeblasi,,,1
18.1819519462678,40.0681988365119,63,RipZIndCollepassoDeblasi-CantinaCollepasso,,,1
18.0826353051096,40.0430507973303,64,CentroStellaParabita-CostaBradaGallipoli,,,1
18.082904844973,40.0675290481949,65,CentroStellaParabita-GallipoliResortGallipoli,,,1
18.0207239350599,40.0911706302514,66,GellipoliResort-CampeggioLaVecchiaTorreGallipoli,,,1
18.0157801470543,40.0726771584028,67,GellipoliResort-CampeggioLaMasseriaGallipoli,,,1
18.1175479534412,40.0433323272895,68,CentroStellaParabita-RipCampoBaseballMatino,,,1
18.0204258173078,39.9711230536786,69,OratorioMancaversa-ChiesaMancaversa,,,1
18.0271853526011,39.9585580362495,70,ChiesaMancaversa-TorreTorreSuda,,,1
18.172689899689,40.0943050038059,71,CentroStellaParabita-ChiesaNoha,,,1
18.1634319423715,40.0229909552585,72,ChiesaCasaranoPietraBianca-CentraleCasarano,,,1
18.1840294218931,40.1393388354961,73,ChiesaNoha-ChiesaCutrofiano,,,1
18.2154637261788,39.9368805483231,74,TrattaCavaCappilliTaurisano-MasseriaGrandeTaurisano,,,1
18.2688652720446,39.8905234101258,75,Tratta PirelliSchiafazzi-PanesePresicce,,,1
18.1117324088133,40.1625916701535,76,CentroStellaParabita-GrottellaCopertino,,,1
18.1146888888889,40.0431028753229,77,Tonello nuovo Parabita Dimo,,,-1
18.0673694444444,40.3773389864341,78,Preisidio novoli tonello,,,-1
18.0913783296385,39.934768197182,79,Chiesa Madonna Alto Alliste,,clampToSeaFloor,-1
18.1769638888889,40.0355223197674,80,Call&Call ZInd Casarano,,clampToSeaFloor,-1
18.0978691807145,40.0727348876602,81,ChiesaTuglie,,,-1
18.0459001440358,40.3811380041864,82,RipCantinaNovoli,,,-1
